id,type,name,description,name_image,name_icon
1,1,1,タイトル,comic_0001,comic_0001
2,1,2,タイトル,comic_0002,comic_0002
3,1,3,タイトル,comic_0003,comic_0003
4,1,4,タイトル,comic_0004,comic_0004
5,1,5,タイトル,comic_0005,comic_0005
6,1,6,タイトル,comic_0006,comic_0006
7,1,7,タイトル,comic_0007,comic_0007
8,1,8,タイトル,comic_0008,comic_0008
9,1,9,タイトル,comic_0009,comic_0009
10,1,10,タイトル,comic_0010,comic_0010
11,1,11,タイトル,comic_0011,comic_0011
12,1,12,タイトル,comic_0012,comic_0012
13,1,13,タイトル,comic_0013,comic_0013
14,1,14,タイトル,comic_0014,comic_0014
15,1,15,タイトル,comic_0015,comic_0015
16,1,16,タイトル,comic_0016,comic_0016
17,1,17,タイトル,comic_0017,comic_0017
18,1,18,タイトル,comic_0018,comic_0018
19,1,19,タイトル,comic_0019,comic_0019
20,1,20,タイトル,comic_0020,comic_0020
21,1,21,タイトル,comic_0021,comic_0021
22,1,22,タイトル,comic_0022,comic_0022
23,1,23,タイトル,comic_0023,comic_0023
24,1,24,タイトル,comic_0024,comic_0024
25,1,25,タイトル,comic_0025,comic_0025
26,1,26,タイトル,comic_0026,comic_0026
27,1,27,タイトル,comic_0027,comic_0027
28,1,28,タイトル,comic_0028,comic_0028
29,1,29,タイトル,comic_0029,comic_0029
30,1,30,タイトル,comic_0030,comic_0030
31,1,31,タイトル,comic_0031,comic_0031
32,1,32,タイトル,comic_0032,comic_0032
33,1,33,タイトル,comic_0033,comic_0033
34,1,34,タイトル,comic_0034,comic_0034
35,1,35,タイトル,comic_0035,comic_0035
36,1,36,タイトル,comic_0036,comic_0036
37,1,37,タイトル,comic_0037,comic_0037
38,1,38,タイトル,comic_0038,comic_0038
39,1,39,タイトル,comic_0039,comic_0039
40,1,40,タイトル,comic_0040,comic_0040
41,1,41,タイトル,comic_0041,comic_0041
42,1,42,タイトル,comic_0042,comic_0042
43,1,43,タイトル,comic_0043,comic_0043
44,1,44,タイトル,comic_0044,comic_0044
45,1,45,タイトル,comic_0045,comic_0045
46,1,46,タイトル,comic_0046,comic_0046
47,1,47,タイトル,comic_0047,comic_0047
48,1,48,タイトル,comic_0048,comic_0048
49,1,49,タイトル,comic_0049,comic_0049
50,1,50,タイトル,comic_0050,comic_0050
51,1,51,タイトル,comic_0051,comic_0051
52,1,52,タイトル,comic_0052,comic_0052
53,1,53,タイトル,comic_0053,comic_0053
54,1,54,タイトル,comic_0054,comic_0054
55,1,55,タイトル,comic_0055,comic_0055
56,1,56,タイトル,comic_0056,comic_0056
57,1,57,タイトル,comic_0057,comic_0057
58,1,58,タイトル,comic_0058,comic_0058
59,1,59,タイトル,comic_0059,comic_0059
60,1,60,タイトル,comic_0060,comic_0060
61,1,61,タイトル,comic_0061,comic_0061
62,1,62,タイトル,comic_0062,comic_0062
63,1,63,タイトル,comic_0063,comic_0063
64,1,64,タイトル,comic_0064,comic_0064
65,1,65,タイトル,comic_0065,comic_0065
66,1,66,タイトル,comic_0066,comic_0066
67,1,67,タイトル,comic_0067,comic_0067
68,1,68,タイトル,comic_0068,comic_0068
69,1,69,タイトル,comic_0069,comic_0069
70,1,70,タイトル,comic_0070,comic_0070
71,1,71,タイトル,comic_0071,comic_0071
72,1,72,タイトル,comic_0072,comic_0072
73,1,73,タイトル,comic_0073,comic_0073
74,1,74,タイトル,comic_0074,comic_0074
75,1,75,タイトル,comic_0075,comic_0075
76,1,76,タイトル,comic_0076,comic_0076
77,1,77,タイトル,comic_0077,comic_0077
78,1,78,タイトル,comic_0078,comic_0078
79,1,79,タイトル,comic_0079,comic_0079
80,1,80,タイトル,comic_0080,comic_0080
81,1,81,タイトル,comic_0081,comic_0081
82,1,82,タイトル,comic_0082,comic_0082
83,1,83,タイトル,comic_0083,comic_0083
84,1,84,タイトル,comic_0084,comic_0084
85,1,85,タイトル,comic_0085,comic_0085
86,1,86,タイトル,comic_0086,comic_0086
87,1,87,タイトル,comic_0087,comic_0087
88,1,88,タイトル,comic_0088,comic_0088
89,1,89,タイトル,comic_0089,comic_0089
90,1,90,タイトル,comic_0090,comic_0090
91,1,91,タイトル,comic_0091,comic_0091
92,1,92,タイトル,comic_0092,comic_0092
93,1,93,タイトル,comic_0093,comic_0093
94,1,94,タイトル,comic_0094,comic_0094
95,1,95,タイトル,comic_0095,comic_0095
96,1,96,タイトル,comic_0096,comic_0096
97,1,97,タイトル,comic_0097,comic_0097
98,1,98,タイトル,comic_0098,comic_0098
99,1,99,タイトル,comic_0099,comic_0099
100,1,100,タイトル,comic_0100,comic_0100
101,1,101,タイトル,comic_0101,comic_0101
102,1,102,タイトル,comic_0102,comic_0102
103,1,103,タイトル,comic_0103,comic_0103
104,1,104,タイトル,comic_0104,comic_0104
105,1,105,タイトル,comic_0105,comic_0105
106,1,106,タイトル,comic_0106,comic_0106
107,1,107,タイトル,comic_0107,comic_0107
108,1,108,タイトル,comic_0108,comic_0108
109,1,109,タイトル,comic_0109,comic_0109
110,1,110,タイトル,comic_0110,comic_0110
111,1,111,タイトル,comic_0111,comic_0111
112,1,112,タイトル,comic_0112,comic_0112
113,1,113,タイトル,comic_0113,comic_0113
114,1,114,タイトル,comic_0114,comic_0114
115,1,115,タイトル,comic_0115,comic_0115
116,1,116,タイトル,comic_0116,comic_0116
117,1,117,タイトル,comic_0117,comic_0117
118,1,118,タイトル,comic_0118,comic_0118
119,1,119,タイトル,comic_0119,comic_0119
120,1,120,タイトル,comic_0120,comic_0120
121,1,121,タイトル,comic_0121,comic_0121
122,1,122,タイトル,comic_0122,comic_0122
123,1,123,タイトル,comic_0123,comic_0123
124,1,124,タイトル,comic_0124,comic_0124
125,1,125,タイトル,comic_0125,comic_0125
126,1,126,タイトル,comic_0126,comic_0126
127,1,127,タイトル,comic_0127,comic_0127
